-- MySQL dump 10.13  Distrib 5.5.62, for Win64 (AMD64)
--
-- Host: localhost    Database: controlhorasproyectos
-- ------------------------------------------------------
-- Server version	5.5.62

/*!40101 SET @OLD_CHARACTER_SET_CLIENT=@@CHARACTER_SET_CLIENT */;
/*!40101 SET @OLD_CHARACTER_SET_RESULTS=@@CHARACTER_SET_RESULTS */;
/*!40101 SET @OLD_COLLATION_CONNECTION=@@COLLATION_CONNECTION */;
/*!40101 SET NAMES utf8 */;
/*!40103 SET @OLD_TIME_ZONE=@@TIME_ZONE */;
/*!40103 SET TIME_ZONE='+00:00' */;
/*!40014 SET @OLD_UNIQUE_CHECKS=@@UNIQUE_CHECKS, UNIQUE_CHECKS=0 */;
/*!40014 SET @OLD_FOREIGN_KEY_CHECKS=@@FOREIGN_KEY_CHECKS, FOREIGN_KEY_CHECKS=0 */;
/*!40101 SET @OLD_SQL_MODE=@@SQL_MODE, SQL_MODE='NO_AUTO_VALUE_ON_ZERO' */;
/*!40111 SET @OLD_SQL_NOTES=@@SQL_NOTES, SQL_NOTES=0 */;

--
-- Table structure for table `estado`
--

DROP TABLE IF EXISTS `estado`;
/*!40101 SET @saved_cs_client     = @@character_set_client */;
/*!40101 SET character_set_client = utf8 */;
CREATE TABLE `estado` (
  `id_estado` int(11) NOT NULL AUTO_INCREMENT,
  `estado` varchar(25) NOT NULL,
  PRIMARY KEY (`id_estado`)
) ENGINE=InnoDB AUTO_INCREMENT=3 DEFAULT CHARSET=utf8;
/*!40101 SET character_set_client = @saved_cs_client */;

--
-- Dumping data for table `estado`
--

LOCK TABLES `estado` WRITE;
/*!40000 ALTER TABLE `estado` DISABLE KEYS */;
INSERT INTO `estado` VALUES (1,'Activo'),(2,'Inactivo');
/*!40000 ALTER TABLE `estado` ENABLE KEYS */;
UNLOCK TABLES;

--
-- Table structure for table `horarios`
--

DROP TABLE IF EXISTS `horarios`;
/*!40101 SET @saved_cs_client     = @@character_set_client */;
/*!40101 SET character_set_client = utf8 */;
CREATE TABLE `horarios` (
  `id_horario` int(11) NOT NULL AUTO_INCREMENT,
  `id_usuario` int(11) NOT NULL,
  `horario_entrada` datetime NOT NULL,
  `horario_session` int(15) NOT NULL,
  `id_estado` int(11) NOT NULL,
  PRIMARY KEY (`id_horario`),
  KEY `horarios_id_usuario_idx` (`id_usuario`,`id_estado`) USING BTREE,
  KEY `horarios_estado_fk` (`id_estado`),
  CONSTRAINT `horarios_estado_fk` FOREIGN KEY (`id_estado`) REFERENCES `estado` (`id_estado`),
  CONSTRAINT `horarios_usuarios_fk` FOREIGN KEY (`id_usuario`) REFERENCES `usuarios` (`id_usuario`)
) ENGINE=InnoDB AUTO_INCREMENT=71 DEFAULT CHARSET=utf8;
/*!40101 SET character_set_client = @saved_cs_client */;

--
-- Dumping data for table `horarios`
--

LOCK TABLES `horarios` WRITE;
/*!40000 ALTER TABLE `horarios` DISABLE KEYS */;
INSERT INTO `horarios` VALUES (1,1,'2019-12-29 18:43:06',1577655783,1),(2,1,'2019-12-29 18:43:27',1577655783,2),(3,1,'2019-12-29 18:43:31',1577655783,1),(4,1,'2019-12-29 18:44:22',1577655783,2),(5,1,'2019-12-29 18:44:33',1577655783,1),(6,1,'2019-12-29 18:45:15',1577655783,2),(7,1,'2019-12-29 18:45:56',1577655783,1),(8,1,'2019-12-29 18:50:15',1577655783,2),(9,1,'2019-12-29 18:55:36',1577656529,1),(10,1,'2019-12-29 18:55:44',1577656529,2),(11,1,'2019-12-29 18:55:46',1577656529,1),(12,1,'2019-12-29 18:55:47',1577656529,2),(13,1,'2019-12-29 18:55:48',1577656529,1),(14,1,'2019-12-29 18:55:49',1577656529,2),(15,1,'2019-12-29 18:55:49',1577656529,1),(16,1,'2019-12-29 18:55:50',1577656529,2),(17,1,'2019-12-29 18:55:50',1577656529,1),(18,1,'2019-12-29 18:55:51',1577656529,2),(19,1,'2019-12-29 18:55:54',1577656529,1),(20,1,'2019-12-29 18:56:08',1577656529,2),(21,1,'2019-12-29 18:56:20',1577656529,1),(22,1,'2019-12-29 18:56:25',1577656529,2),(23,1,'2019-12-29 19:02:02',1577656918,1),(24,1,'2019-12-29 19:02:07',1577656918,2),(25,1,'2019-12-29 19:02:10',1577656918,1),(26,1,'2019-12-29 19:02:44',1577656918,2),(27,1,'2019-12-29 19:07:39',1577657251,1),(28,2,'2019-12-29 19:07:44',1577657251,1),(29,2,'2019-12-29 19:07:48',1577657251,2),(30,1,'2019-12-29 19:07:56',1577657251,2),(31,1,'2019-12-29 19:07:59',1577657251,1),(32,1,'2019-12-29 19:08:03',1577657251,2),(33,1,'2019-12-29 19:10:12',1577657408,1),(34,1,'2019-12-29 19:10:21',1577657408,2),(35,4,'2019-12-29 19:23:37',1577658210,1),(36,4,'2019-12-29 19:24:07',1577658210,2),(37,4,'2019-12-29 19:24:28',1577658210,1),(38,6,'2019-12-29 19:25:05',1577658297,1),(39,4,'2019-12-29 19:25:22',1577658316,1),(40,4,'2019-12-29 19:25:32',1577658316,2),(41,4,'2019-12-29 19:25:34',1577658316,1),(42,4,'2019-12-29 19:25:46',1577658316,2),(43,1,'2019-12-29 19:47:56',1577659673,1),(44,1,'2019-12-29 19:48:23',1577659698,1),(45,1,'2019-12-29 19:49:12',1577659746,1),(46,2,'2019-12-29 19:49:24',1577659760,1),(47,1,'2019-12-29 19:54:34',1577660071,1),(48,6,'2019-12-29 19:55:57',1577660153,1),(49,2,'2019-12-29 19:57:28',1577660244,1),(50,1,'2019-12-29 19:57:49',1577660265,1),(51,2,'2019-12-29 19:58:49',1577660325,1),(52,2,'2019-12-29 20:05:15',1577660711,1),(53,1,'2019-12-29 20:05:35',1577660731,1),(54,1,'2019-12-29 20:06:25',1577660782,1),(55,2,'2019-12-29 20:10:26',1577661022,1),(56,2,'2019-12-29 20:10:30',1577661022,2),(57,1,'2019-12-29 20:11:39',1577661096,1),(58,1,'2019-12-29 20:11:43',1577661096,2),(59,1,'2019-12-29 20:13:31',1577661208,1),(60,1,'2019-12-29 20:13:48',1577661208,2),(61,2,'2019-12-29 20:19:58',1577661593,1),(62,2,'2019-12-29 20:20:06',1577661593,2),(63,1,'2019-12-29 20:31:33',1577662287,1),(64,1,'2019-12-29 20:32:09',1577662287,2),(65,2,'2019-12-29 20:34:23',1577662435,1),(66,2,'2019-12-29 20:34:45',1577662435,2),(67,2,'2019-12-29 21:03:51',1577664226,1),(68,2,'2019-12-29 21:04:04',1577664226,2),(69,1,'2019-12-29 21:31:31',1577665886,1),(70,1,'2019-12-29 21:31:42',1577665886,2);
/*!40000 ALTER TABLE `horarios` ENABLE KEYS */;
UNLOCK TABLES;

--
-- Table structure for table `usuarios`
--

DROP TABLE IF EXISTS `usuarios`;
/*!40101 SET @saved_cs_client     = @@character_set_client */;
/*!40101 SET character_set_client = utf8 */;
CREATE TABLE `usuarios` (
  `id_usuario` int(11) NOT NULL AUTO_INCREMENT,
  `usuario` varchar(100) NOT NULL,
  `id_estado` int(11) NOT NULL,
  PRIMARY KEY (`id_usuario`),
  KEY `usuarios_id_estado_idx` (`id_estado`) USING BTREE,
  CONSTRAINT `usuarios_estado_fk` FOREIGN KEY (`id_estado`) REFERENCES `estado` (`id_estado`)
) ENGINE=InnoDB AUTO_INCREMENT=8 DEFAULT CHARSET=utf8;
/*!40101 SET character_set_client = @saved_cs_client */;

--
-- Dumping data for table `usuarios`
--

LOCK TABLES `usuarios` WRITE;
/*!40000 ALTER TABLE `usuarios` DISABLE KEYS */;
INSERT INTO `usuarios` VALUES (1,'Manuel',1),(2,'Tomas',1),(3,'Augusto',1),(4,'Pablo',1),(6,'Anónimo',2),(7,'Anónimo2',2);
/*!40000 ALTER TABLE `usuarios` ENABLE KEYS */;
UNLOCK TABLES;

--
-- Dumping routines for database 'controlhorasproyectos'
--
/*!40103 SET TIME_ZONE=@OLD_TIME_ZONE */;

/*!40101 SET SQL_MODE=@OLD_SQL_MODE */;
/*!40014 SET FOREIGN_KEY_CHECKS=@OLD_FOREIGN_KEY_CHECKS */;
/*!40014 SET UNIQUE_CHECKS=@OLD_UNIQUE_CHECKS */;
/*!40101 SET CHARACTER_SET_CLIENT=@OLD_CHARACTER_SET_CLIENT */;
/*!40101 SET CHARACTER_SET_RESULTS=@OLD_CHARACTER_SET_RESULTS */;
/*!40101 SET COLLATION_CONNECTION=@OLD_COLLATION_CONNECTION */;
/*!40111 SET SQL_NOTES=@OLD_SQL_NOTES */;

-- Dump completed on 2019-12-29 21:32:47
